id	Q_chn	Q	Time	Interp_chn	A_chn	A	Interp	Primary_id	Alter_id	Day_Stem
0	扬州汉墓的神秘现象，有游客拿相机进行拍摄时，通过相机看到很奇怪的现象，女人在相机里看到的只是一个透明的，模糊轮廓。甚至可以通过她的身体看到身后的扶栏，拍出来的照片也是一样的情景。更奇怪的是让一男人站在同样的地方，透过相机看到的却是正常的景象，当时扬州电视台也向外界发布消息，请求合理的解释。	The mysterious phenomenon of Yangzhou Han tomb: A tourist took photos and saw strange scenes through the camera. A woman appeared as a transparent, blurry outline, even allowing the background railing to be visible through her body, and the photo showed the same. Strangely, when a man stood in the same spot, he appeared normal in the camera. Yangzhou TV later sought explanations from the public.	丙戌年丙申月己丑日	从卦上来看，父母子水独发可以表示原因，在六爻主天，水可以理解成空气里的水分，临勾陈为停留，合日上财主女性，父母又是信息，所以才有那样的现象，应该是光线和空气里水分产生的反映。	现象不是永久性的，现在没有了。	The phenomenon is not permanent and no longer exists.	From the hexagram, the father-mother Water element alone indicates the cause. In the Six Yao system, the sky governs, and Water can be interpreted as moisture in the air. Associated with Gou Chen (Lingering), it represents stillness. Combined with the day's wealth (female element) and information from the father-mother element, it suggests a phenomenon caused by light and moisture in the air.	48.0	57.0	ji
1	自占用药金溃肾气丸调养身体是否可以？	Is it suitable to use the Jinkui Shenqi Pill for personal health recovery?	丙戌年丙申月壬辰日	医药以应为用神，但也看世爻动静变化，这个卦世独发化巳火已绝论，吃这个药会使自己上火，口干舌燥，下肢没有力气，效果不好。	独发看象，如果再有一个动爻就是论化回头生了。	A single activation indicates its current state; another moving line would signal a transformation back to regeneration.	Medicine is represented by the response (Yong Shen), but also influenced by the dynamic changes in the main hexagram line. This hexagram shows the main line transitioning to the Si Fire, which is depleted. Taking the medicine might lead to overheating, dry mouth, weak legs, and poor effectiveness.	40.0	16.0	ren
2	我妻在外县租的服装摊位最近生意一直不太好，她摇了一卦看何时有转机。	My wife rents a clothing stall in another county, and business hasn’t been good lately. She cast a divination to see when a turnaround might occur.	丙戌年乙未月戊午日	此卦为一爻独发，财虽然得月合日扶为旺相，但动爻酉金为财爻死地，独发以十二长生“象”为主来判断，所以财运一定不好，而世临兄弟，是自己的运气不好，而不是店的风水或者经营方式不对，这样的卦化解起来难度太大。	是自己的运气不好，而不是店的风水或者经营方式不对，这样的卦化解起来难度太大。	It's due to one's bad luck, not the shop's feng shui or management approach. Such a hexagram is very difficult to resolve.	"This hexagram shows one lone active Yao, with the wealth element supported by the month and day, indicating strength. However, the moving You Metal wealth element is in a ""dead"" position, with the lone Yao being evaluated based on the ""twelve stages of life cycle."" Thus, financial fortunes appear poor, and personal luck rather than external factors like store location or management, determines this outcome. Resolving such a hexagram is notably challenging."	49.0	55.0	wu
3	正吃的中草药对身体有利吗？	Is the Chinese herbal medicine currently being taken beneficial to the body?	丙戌年丙申月壬辰日	这个卦世临月日生动化进神过旺，世得月扶日生，又自动化进，六爻暗动来生，二爻元神，初有化出元神，用神元神得七个。	应该属于过旺。	It should be considered overpowered.	"This hexagram features the main Yao receiving month and day support, transitioning excessively. The primary Yao receives activation from the hidden elements in the sixth line. Returning to a harmonious state requires the weakening of the ""origin spirit."" Predictions suggest a return in the Chou month, when the ""useful spirit"" enters the grave and opposes the transformed Yao."	55.0	31.0	ren
4	爱人何时归	When will my lover return?	丙戌年乙未月丙辰日	用神临申动而生世，申月应该归来，但这个卦日月是元神，六爻暗动生，又化回头生，元神有些过旺，应该在元神弱的时候回来，估计在丑月，用神入墓冲去变爻。	应该在元神弱的时候回来，估计在丑月。	It should return when the primary spirit is weak, likely in the Chou month.	"The useful Yao activates through the Shen element, supporting the main line. Predictions suggest a return in the Chou month when the ""useful spirit"" enters the grave and opposes the transformed Yao. The excessive strength of the origin spirit suggests a better outcome once it weakens."	13.0	30.0	bing
5	一女问是否该跟他的男友表示要复合？	A woman asks whether she should tell her boyfriend she wants to reconcile.	丙戌年丙申月丙申日	这卦官鬼日扶月扶，原神妻财与土又动化回头生，忌神午火不上卦。我断是过旺，不过世爻又为官鬼之墓库，这代表他这次行动会彻底终止这段感情。	这个卦可以从两个角度看，官是过旺，独发入墓也是一个依据，所以两人复合的可能性很小。	This hexagram can be interpreted from two perspectives: the official line is overpowered, and the single activation entering the tomb is another indication, making reconciliation between the two unlikely.	This hexagram shows the demons supported by the day and month, with the primary spirit (wealth and earth) returning to life through transformation. The unfavorable Wu Fire does not appear in the hexagram. I conclude that the situation is overpowered, and the main line, being the tomb of the demons, indicates the action will permanently end this relationship.	46.0	32.0	bing
6	朋友的手机出门掉了，他最后一次是在别人家接的，占是否能找回？	My friend lost his phone while outside. He last used it at someone else's house. Can it be found?	丙戌年丙申月辛卯日	手机以妻财为用神，我看伏于世下，应该是找的回。。原来断已日，应兄弟冲开之日。了。	用伏世下，就在身边，得日生为吉，二爻为宅，三爻为卧室，房间。	Hidden under the main line, it's nearby. Blessed by the day's energy, the second line represents the house, and the third line represents the bedroom.	The phone is represented by wealth as the useful spirit. It lies hidden under the main line, suggesting it can be recovered. Initially predicted to be found on Yi day, it aligns with the day when the brother line activates and resolves.	63.0	43.0	xin
7	父母感情走向	What is the future of my parents’ relationship?	丙戌年丙申月乙亥日	父母旺相，现在应该没有大的问题，但五爻父母独发化绝，发展下去则不利，有离异的可能。	母亲心在外在他处，对家不是很关心，月上元神是母，冲破二爻，可以说明对家庭责任心不强。	The mother’s attention is elsewhere and not focused on the home. The primary spirit of the month represents the mother, breaking through the second line, indicating a lack of strong responsibility toward the family.	The parent line is in a strong phase, indicating no major issues at present. However, the fifth line of the parent independently transforms into extinction, suggesting potential problems in the future, possibly leading to separation.	27.0	42.0	yi
8	看是否可做项某投资？	See if a certain project investment can be made?	丙戌年丙申月甲午日	"世爻酉金得月扶日克，为旺。代理新产品实质为求财，取财爻为用神。卦中财爻临土，申月休囚，幸得日建之生，为旺。财生官鬼世爻，当为易于求财。卦中有三个财爻，上六戌财临应生世，可理解为所代理产品对己有利；初爻丑财化子水父母为合，贪合忘生，但幸得日建午火冲开子丑之合，丑财又可生世爻，且爻临青龙，更吉；三爻为酉金世爻化辰土财库又化合，可理解为我遇到财，即得财，但甲午旬辰巳空，世爻化空是什么含义，我想不清楚。卦中兄弟寅木为忌神，月破又伏藏于父母亥水之下，不能危害用神。二爻父母亥水动化合，贪合忘克，不耗泄世爻，亦不克害财之原神午火。卦变六冲，恐好事逢冲而散
总体来看，仍以吉断"	世动化财回头生合，财得日生可求，但空，不是马上见效益，卦变六冲，是表示不会永久做下去，总体看有利，但利不大。	The main line activates wealth and regenerates in harmony, with wealth supported by the day's energy, making it attainable. However, it is empty, indicating benefits won't appear immediately. The hexagram transitions into six conflicts, suggesting it won't last long. Overall, it's favorable, but the gains are limited.	The main line You Metal is supported by the month and restrained by the day, indicating strength. Representing wealth as the useful spirit, the hexagram reflects the pursuit of wealth through the introduction of new products. The wealth line lies in the earth and, though inactive in the Shen month, gains vitality through the day element.Wealth produces the demons and the main line, facilitating wealth acquisition. The hexagram contains three wealth lines. The sixth line Xu wealth supports the main line, suggesting benefits from the new product. The first line Chou wealth, though constrained by Zi Water (parents), is freed by Wu Fire, allowing it to support the main line. Being associated with Qinglong (Green Dragon) further enhances its auspiciousness.The third line, You Metal (main line), transforms into the Chen Earth wealth repository, indicating financial gain. However, being in the Jiawu cycle with Chen and Si void, the implications of the main line’s void state remain unclear to me.The brother line Yin Wood, acting as an unfavorable spirit, is broken by the month and hidden under the parent Hai Water, rendering it harmless to the useful spirit.The second line, parent Hai Water, transforms into combination and avoids conflict, neither draining the main line nor harming the original spirit Wu Fire of the wealth.The hexagram transitions into a six-conflict state, suggesting good outcomes may be disrupted. Overall, the interpretation remains auspicious	32.0	51.0	jia
9	某公司工程师说要买新设备是真的吗？	Is it true that a company engineer said he wanted to buy new equipment?	丙戌年乙未月戊午日辛酉时	"
设备销售以财为用，卦中财休囚不上卦，父兄同动，求财如缘木求鱼。
合同用初爻父母辰土代表，旺相发动但化空破，难以成事。"	实际反馈为后来主动收到5000元修理费，并签订新设备购买合同。	The actual feedback was that he later proactively received a repair fee of 5,000 yuan and signed a purchase contract for new equipment. 	"Equipment sales are used for money. The money in the hexagram is not in the hexagram. Father and brother move together. Seeking wealth is like seeking fish from a tree.
The contract is represented by the Chentu of the parents in the first line. The prosperous aspect is activated but it turns out to be empty and it is difficult to achieve anything."	41.0	43.0	xin
10	毕业证不见了，能找到吗？	My diploma is missing, can I find it?	壬辰年癸卯月壬申日	"
伏于世爻下，表示找回机会大。
妻财空亡，需耐心等待时机。"	最终在家中不显眼的角落找到毕业证。	Finally, I found my diploma in an inconspicuous corner of my home. 	"Lying down under the world's Yao means that there is a good chance of retrieval.
The wife's wealth is empty, so she needs to wait patiently for the opportunity."	48.0	46.0	ren
11	是否可以顺利通过面试？	Can I successfully pass the interview?	壬辰年乙巳月乙亥日	"
卦象显示兄弟午火旺动，克制用神官鬼。
显示竞争激烈，难以通过。"	实际反馈未通过。	Actual feedback failed. 	"The hexagram shows that the brother's noon fire is strong, and the gods and ghosts are restrained.
Show competition is fierce and difficult to pass."	30.0	6.0	yi
12	爱人何时回家？	When will your lover come home?	丙戌年乙未月丙辰日癸巳时	"
世爻亥水旺象，临日建而动，回归时间应在申月。
世临日辰，生合，显示其愿意回归。"	最终反馈爱人在申月第七天返回。	The final feedback is that the lover will return on the seventh day of Shen month.	"The water in Shiyaohai is very strong, and it is built on the day of the sun. The return time should be in the Shen month.
When the world comes, the sun and the hour are combined, it shows that it is willing to return."	13.0	37.0	gui
13	失物是否能找回？	Can lost items be found?	壬辰年戊午月庚子日	"
用神父母爻临日建而静，失物尚未离家，需细致查找。
财爻在卦象中不显，建议耐心等待消息。"	失物次日被邻居送回，因遗落在门外。	The lost property was returned by the neighbor the next day because it was left outside the door.	"Use the words of God's parents to build it and be quiet. The lost items have not left home and need to be searched carefully.
Wealth Yao does not appear in the hexagram, so it is recommended to wait patiently for news."	48.0	26.0	geng
14	考试能否顺利通过？	Can I pass the exam successfully?	甲午年丁巳月辛酉日	"
子孙爻旺相而化退，显示考试存在一定挑战，但努力可成。
世爻得财爻相生，显示测者有较大希望顺利通过。"	最终反馈成绩合格，通过考试。	The final feedback result is satisfactory and the student passes the exam.	"The descendants are prosperous and fade away, indicating that there are certain challenges in the exam, but it can be achieved with hard work.
The world Yao and the Wealth Yao are intertwined, indicating that the person who takes the test has a greater chance of successfully passing the test."	37.0	24.0	xin
15	何时能收到重要文件？	When will I receive important documents?	癸巳年甲申月乙亥日	"
文件以父母爻为用神，旺动，且临月日建，显示不久便能收到。
世爻临官鬼，提示需注意相关流程。"	反馈文件于次日午时送达。	The feedback document was delivered at noon the next day. ?(Example 2 of 100 Six Yao Practical Battle Hexagrams)	"The document uses the parents' line as its main symbol, which means it will move vigorously, and it will be built on the lunar month and day, indicating that it will be received soon.
Shiyao is approaching the demons, reminding you to pay attention to the relevant procedures."	59.0	44.0	yi
16	我和朋友之间的误会能否解决？	Can the misunderstanding between my friend and I be resolved?	丙辰年乙未月甲申日癸酉时	"
世爻得日建相生，显示测者意愿强烈。
用神兄弟爻化吉，暗示双方和解可能性较大。"	反馈双方已和解，误会成功解除。	It was reported that both parties had reconciled and the misunderstanding was successfully resolved. ?(Example 2 of 100 Six Yao Practical Battle Hexagrams)	"Shi Yao gets the daily construction and mutual growth, which shows that the tester has a strong will.
Using the god brother's line to turn it into auspiciousness implies that reconciliation between the two parties is more likely."	40.0	42.0	gui
17	生意不顺，何时能好转？	Business is not going well, when will it get better?	戊辰年壬午月甲子日	"
财爻辰土临世旺动，显示测者近期多劳心，回报不足。
需待月令变动时，财爻得到日建之扶，生意才有转机。"	反馈申月中旬生意开始好转，收入增加。	Feedback: Business started to improve in mid-month and income increased. ?(Example 2 of 100 Six Yao Practical Battle Hexagrams)	"The fortune-telling element, Chen-Tu, is in full swing, indicating that the person has worked hard recently and received insufficient returns.
It is necessary to wait for the monthly order to change and Cai Yao to receive support from Japan before the business can turn around."	28.0	30.0	jia
18	孩子学习成绩能否提高？	Can children's academic performance improve?	癸巳年乙未月甲申日	"
子孙爻化吉，显示学业有提升的潜力。
财爻旺相临应，暗示需额外投入资源，才能达到预期目标。"	反馈成绩有所进步，但仍需长期努力。	Feedback shows that performance has improved, but long-term efforts are still needed. ?(Example 2 of 100 Six Yao Practical Battle Hexagrams)	"Descendants become auspicious, showing the potential for academic improvement.
The arrival of prosperity in wealth indicates that additional resources need to be invested in order to achieve the desired goals."	9.0	31.0	jia
19	是否适合换工作？	Is it suitable to change jobs?	辛卯年壬辰月庚寅日	"
官爻旺动克世，显示当前工作压力大且发展受限。
财爻化进神，暗示新工作有更好机会。"	反馈换岗后工作满意，收入稳定增长。	Feedback is that after the job change, the job is satisfactory and the income has increased steadily. ?(Example 2 of 100 Six Yao Practical Battle Hexagrams)	"The official line is prosperous, indicating that the current work pressure is high and development is limited.
Wealth Yao transforms into the spirit, suggesting better opportunities in new jobs."	35.0	36.0	geng
20	合伙投资能否顺利？	Can partnership investment go smoothly?	壬辰年甲午月己未日	"
财爻旺而化进神，显示投资项目有稳定回报。
兄弟爻旺动，提醒需注意合伙人的利益协调。"	反馈项目成功，但中途因分红问题产生分歧，后解决。	Feedback: The project was successful, but disagreements arose midway over the issue of dividends, which were later resolved. ?(Example 2 of 100 Six Yao Practical Battle Hexagrams)	"The wealth line is prosperous and transformed into the spirit, indicating that investment projects have stable returns.
Brothers are in a strong mood, reminding you to pay attention to the coordination of interests of partners."	50.0	48.0	ji
21	是否能找到合适的租房？	Can you find a suitable rental?	庚辰年丙午月乙丑日	"
父母爻旺动，显示租房需求明确。
世爻静而得日扶，暗示适合的租房将有缘分找到。"	反馈最终在酉月找到满意住所。	Feedback Finally, I found a satisfactory residence in Youyue. ?(A large collection of six-line hexagrams from famous masters, 47)	"Parents are active, indicating clear demand for rental housing.
The world is quiet and the day is supported, indicating that a suitable rental house will be found by fate."	39.0	41.0	yi
22	远方朋友的货物是否顺利送达？	Did the goods from distant friends arrive smoothly?	癸未年戊申月乙卯日	"
官鬼爻化回头生，显示途中虽有波折，但整体顺利。
世爻静而临旺月，代表测者心态较为平和。"	反馈货物于第二天顺利送达，无损坏。?	Feedback was that the goods were delivered smoothly the next day without damage. ?(Example 2 of 100 Six Yao Practical Battle Hexagrams)	"The transformation of officials and ghosts into reincarnations shows that although there were twists and turns along the way, the overall situation was smooth.
The world is quiet and the prosperous moon is approaching, which means that the tester has a peaceful mentality."	40.0	57.0	yi
23	弟弟的官司能否胜诉？	Can my brother win his lawsuit?	壬辰年甲申月戊戌日	"
官鬼爻旺动克世，显示诉讼有较大难度。
世爻静而化退，代表测者或家人难以掌控局势。"	反馈官司最终和解，未能完全胜诉。	The feedback lawsuit was eventually settled, but the case was not completely won. ?(Example 2 of 100 Six Yao Practical Battle Hexagrams)	"The demons line is very prosperous, indicating that litigation is more difficult.
The world is quiet and disappearing, which means that the person or family members have difficulty controlling the situation."	6.0	44.0	wu
24	是否适合近期投资股票？	Is it suitable to invest in stocks in the near future?	乙未年壬辰月庚寅日	"
财爻临月建而旺，但受兄弟爻克制，显示市场波动大。
建议观望，不宜急于行动。"	反馈近期投资亏损，决定暂停操作。	Feedback about recent investment losses, decided to suspend operations. ?(A large collection of six-line hexagrams from famous masters, 47)	"The financial line is built and prosperous in the last month, but it is restrained by the brother lines, which shows that the market is volatile.
It is recommended to wait and see and not to act hastily."	29.0	33.0	geng
25	母亲身体健康是否有大碍？	Is the mother's health in serious condition?	癸巳年丙午月乙酉日	"
用神父母爻化旺，但遇日破，显示身体有轻微问题。
世爻得月扶，暗示不影响整体健康。"	反馈母亲因腰部不适就诊，恢复较快。?(六爻实战卦100例2)	Feedback was given that the mother went to the doctor due to waist discomfort and recovered quickly. ?(Example 2 of 100 Six Yao Practical Battle Hexagrams)	"If you use the divine parent Yao to turn into a prosperous person, but if it breaks down when encountering the sun, it shows that there is a slight health problem.
Shi Yao is supported by the moon, implying that it will not affect overall health."	58.0	39.0	yi
26	今年的财运是否顺利？	Will your financial fortune be good this year?	乙未年丙申月壬戌日	"
财爻不现，兄弟爻旺动，显示今年财运压力较大。
需控制支出，避免过度投资。"	反馈年中财运低迷，但年底逐渐改善。?(六爻实战卦100例2)	Feedback: Financial luck is sluggish in the middle of the year, but gradually improves at the end of the year. ?(Example 2 of 100 Six Yao Practical Battle Hexagrams)	"If the money line does not appear, but the brother line is active, it indicates that the financial pressure will be greater this year.
Spending needs to be controlled and over-investment avoided."	12.0	16.0	ren
27	能否顺利找到新工作？	Can you successfully find a new job?	辛卯年癸未月壬午日	"
官爻旺动，显示求职积极，且有较大机会。
财爻化退，暗示薪资水平可能不及预期。"	反馈找到工作，但起薪低，决定暂时接受。?(六爻实战卦100例2)	Feedback: I found a job, but the starting salary was low, so I decided to accept it temporarily. ?(Example 2 of 100 Six Yao Practical Battle Hexagrams)	"The official line is prosperous, indicating that you are active in job hunting and have greater opportunities.
The financial situation has receded, suggesting that salary levels may not be as good as expected."	14.0	18.0	ren
28	朋友之间的合作能否继续？	Can collaboration between friends continue?	甲申年乙未月庚寅日	"
兄弟爻旺动，与财爻冲克，显示合作中可能存在分歧。
世爻临财爻生扶，显示测者希望继续合作。"	反馈合作暂时搁置，需调整关系后再行动。?(六爻实战卦100例2)	Feedback cooperation is temporarily put on hold and needs to be adjusted before taking action. ?(Example 2 of 100 Six Yao Practical Battle Hexagrams)	"The brother line is strong and in conflict with the wealth line, indicating that there may be differences in cooperation.
When the world is close to the money, the fortune is supported, it shows that the tester hopes to continue cooperation."	51.0	20.0	geng
29	求测婚姻是否稳定？	Want to test whether your marriage is stable?	戊辰年癸巳月乙亥日	"
妻财旺动，显示夫妻感情较好。
世爻得兄弟爻生扶，暗示家中有压力，但可克服。"	反馈夫妻感情稳定，家庭和谐。?(六爻名家卦例大收集47)	Feedback is that the couple's relationship is stable and the family is harmonious. ?(A large collection of six-line hexagrams from famous masters, 47)	"The wife's wealth is prosperous, indicating that the relationship between the couple is good.
Shi Yao is supported by his brother Yao, indicating that there is pressure in the family, but it can be overcome."	37.0	22.0	yi
30	公司能否顺利完成融资？	Can the company successfully complete financing?	丙戌年乙未月丁酉日	"
财爻未土旺动，显示资金需求明确，但兄弟爻化退，表示执行力不足。
世爻静，得月建相生，显示融资进程缓慢但有望达成。"	反馈融资成功，但过程耗时较长，最终符合预期。?(六爻实战卦100例2)	Feedback was that the financing was successful, but the process took a long time and was ultimately in line with expectations. ?(Example 2 of 100 Six Yao Practical Battle Hexagrams)	"The financial line is not prosperous, indicating a clear need for funds, but the brother line has faded, indicating insufficient execution.
The world is quiet and the moon is building, indicating that the financing process is slow but is expected to be achieved."	43.0	17.0	ding
31	家中遗失的贵重物品是否能找到？	Can valuables missing from your home be found?	壬辰年己巳月乙卯日	"
用神伏于世爻，显示物品尚未离家，但隐藏较深。
财爻不现，暗示需仔细回忆最后使用位置。"	反馈最终在车库发现遗失物品。?(六爻实战卦100例2)	Feedback eventually resulted in a missing item found in the garage. ?(Example 2 of 100 Six Yao Practical Battle Hexagrams)	"Use the gods to hide in the world, indicating that the items have not left home, but are hidden deeply.
The money line does not appear, suggesting that you need to carefully recall the last used location."	23.0	16.0	yi
32	远方亲戚何时到访？	When will distant relatives arrive?	癸未年丙午月甲子日	"
世爻静而化退，显示测者焦虑情绪较强。
父母爻临日建动，暗示亲戚路途中稍有耽搁。"	反馈亲戚于申时到访，稍晚于预期。?(六爻实战卦100例2)	Feedback: Relatives arrived at the time of application, which was slightly later than expected. ?(Example 2 of 100 Six Yao Practical Battle Hexagrams)	"The world is quiet and subsides, indicating that the examinee has strong anxiety.
The parents' lines are moved on the day of the day, indicating that relatives will be slightly delayed on their way."	12.0	30.0	jia
33	孩子能否考上理想的学校？	Can the child get into the ideal school?	乙未年壬申月甲戌日	"
子孙爻旺动，显示学业基础扎实，有较大希望。
官鬼爻临应爻生世，代表测者对子女学业寄予厚望。"	反馈最终考上目标学校，但成绩略低于预期。?(六爻名家卦例大收集47)	Feedback: I was finally admitted to the target school, but my grades were slightly lower than expected. ?(A large collection of six-line hexagrams from famous masters, 47)	"The children and grandchildren are prosperous, indicating a solid academic foundation and great hope.
The demons Yao comes to Ying Yao's birth, which represents the tester's high hopes for their children's studies."	9.0	42.0	jia
34	是否适合近期搬迁？	Is it suitable for recent relocation?	甲申年乙未月戊申日	"
用神父母爻化空，显示搬迁时机尚未成熟。
财爻旺相，表示新环境有利于事业发展。"	反馈搬迁后适应良好，但过程稍显繁琐。?(六爻实战卦100例2)	Feedback: I have adapted well after the move, but the process is a bit cumbersome. ?(Example 2 of 100 Six Yao Practical Battle Hexagrams)	"Using the god's parents' line to dissolve the void indicates that the time for relocation is not yet ripe.
The wealth element is prosperous, indicating that the new environment is conducive to career development."	40.0	41.0	wu
35	是否可以顺利签订合作协议？	Can the cooperation agreement be signed smoothly?	庚辰年壬午月辛亥日	"
财爻旺动化进，显示合作项目潜力大。
世爻得应爻相助，暗示双方利益一致，合作顺利。"	反馈协议成功签订，合作关系稳定。?(六爻实战卦100例2)	The feedback agreement was successfully signed and the cooperative relationship was stable. ?(Example 2 of 100 Six Yao Practical Battle Hexagrams)	"The wealth will be prosperous and dynamic, indicating great potential for cooperation projects.
Shi Yao received Ying Yao's help, implying that both parties had consistent interests and smooth cooperation."	22.0	33.0	xin
36	父亲近期的健康状况如何？	How is your father's health recently?	癸巳年甲午月乙亥日	"
父母爻旺动，但化退，显示健康有小波动。
世爻静，得日扶，表示测者无需过度担心。"	反馈父亲因感冒就诊，恢复较快。?(六爻名家卦例大收集47)	Feedback that my father went to the hospital for a cold and recovered quickly. ?(A large collection of six-line hexagrams from famous masters, 47)	"The parents' Yao is active but fades away, indicating slight fluctuations in health.
If the world is quiet and supported by the sun, it means that the tester does not need to worry too much."	25.0	26.0	yi
37	问儿子工作是否能稳定？	Asked my son if his job would be stable?	壬辰年癸巳月丁酉日	"
官鬼爻旺动，代表工作有一定压力，但总体可控。
世爻静而临旺月，显示测者对儿子工作比较满意。"	反馈儿子工作稳定，但需要努力适应新的环境。?(六爻实战卦100例2)	Feedback: My son’s job is stable, but he needs to work hard to adapt to the new environment. ?(Example 2 of 100 Six Yao Practical Battle Hexagrams)	"The official and ghost lines are vigorously moving, which means there is a certain amount of pressure at work, but the overall situation is controllable.
The world is quiet and the strong moon is approaching, which shows that the person is quite satisfied with his son's work."	32.0	19.0	ding
38	是否能成功争取到升职机会？	Can you successfully obtain promotion opportunities?	丙辰年甲子月庚午日	"
官鬼爻旺动生世，显示领导对测者有认可。
财爻静而化进，显示升职有希望，但需要耐心。"	反馈升职机会虽有，但因名额限制未能成功。?(六爻实战卦100例2)	Feedback: Although there were opportunities for promotion, they were not successful due to quota restrictions. ?(Example 2 of 100 Six Yao Practical Battle Hexagrams)	"The demons line is prosperous in life, which shows that the leader recognizes the tester.
The financial line is quiet and evolving, indicating that there is hope for promotion, but patience is required."	11.0	13.0	geng
39	家中矛盾是否能化解？	Can conflicts at home be resolved?	癸未年壬申月乙卯日	"
世爻旺动，显示测者愿意解决问题。
用神兄弟爻化进，显示矛盾源于沟通不足，但可调和。"	反馈家庭问题逐渐缓解，气氛恢复平和。?(六爻实战卦100例2)	Feedback: Family problems gradually eased and the atmosphere returned to peace. ?(Example 2 of 100 Six Yao Practical Battle Hexagrams)	"The world is full of movement, showing that the tester is willing to solve problems.
Using the god brother line to transform into progress shows that conflicts arise from insufficient communication, but they can be reconciled."	38.0	37.0	yi
40	是否能顺利支付房款？	Can I pay the house payment smoothly?	辛卯年癸未月乙酉日	"
财爻旺动且临世爻，显示支付能力充足。
世爻化回头生，暗示测者对后续流程有些担忧，但问题不大。"	反馈房款顺利支付，手续办理无阻。?(六爻实战卦100例2)	Feedback that the room payment was made smoothly and the procedures were handled without any hindrance. ?(Example 2 of 100 Six Yao Practical Battle Hexagrams)	"The wealth line is prosperous and comes to the world, indicating sufficient ability to pay.
Shi Yao Hua turns back to life, suggesting that the tester is a little worried about the follow-up process, but the problem is not serious."	45.0	44.0	yi
41	朋友是否会履行承诺？	Will friends keep their promises?	甲午年壬申月庚戌日	"
用神兄弟爻化退，显示朋友可能因客观原因未能完全履行承诺。
世爻旺而得应爻扶，暗示测者愿意给予更多耐心。"	反馈朋友延迟兑现承诺，但最终如约完成。?(六爻名家卦例大收集47)	Feedback from a friend that he delayed fulfilling his promise, but eventually completed it as promised. ?(A large collection of six-line hexagrams from famous masters, 47)	"Use the god brother line to retreat, indicating that the friend may not be able to fully fulfill the promise due to objective reasons.
If the world is prosperous and the person is supported, it means that the tester is willing to be more patient."	20.0	40.0	geng
42	今年是否适合买房？	Is it a good year to buy a house?	癸巳年甲申月乙未日	"
财爻旺而化吉，显示市场环境适合购房。
世爻静，提示测者需考虑长远计划，避免仓促决策。"	反馈年末购房，房源和价格均较满意。?(六爻实战卦100例2)	Feedback: I purchased a house at the end of the year and was satisfied with both the property supply and the price. ?(Example 2 of 100 Six Yao Practical Battle Hexagrams)	"The money line is prosperous and turns into good luck, indicating that the market environment is suitable for home purchase.
Shi Yaojing reminds test takers to consider long-term plans and avoid hasty decisions."	14.0	15.0	yi
43	家中的宠物是否能找回？	Can pets at home be recovered?	甲申年癸未月庚寅日	"
子孙爻旺动，显示宠物尚在附近。
世爻临财爻生扶，暗示测者需积极寻找。"	反馈宠物两天后在邻居家找到。?(六爻实战卦100例2)	Reportedly, the pet was found at a neighbor’s house two days later. ?(Example 2 of 100 Six Yao Practical Battle Hexagrams)	"The children and grandchildren move vigorously, indicating that the pet is still nearby.
When the world is close to wealth, the person will be supported, suggesting that the tester needs to actively search for it."	18.0	19.0	geng
44	是否适合和对方合作？	Is it suitable to cooperate with the other party?	辛卯年甲午月乙丑日	"
财爻旺而化进，显示合作具有潜力。
兄弟爻化退，暗示需要明确分工，避免利益冲突。"	反馈合作初期顺利，但中途出现小摩擦，后调整解决。?(六爻实战卦100例2)	Feedback: The cooperation went smoothly in the early stage, but small frictions occurred in the middle, which were later adjusted and resolved. ?(Example 2 of 100 Six Yao Practical Battle Hexagrams)	"The money line is prosperous and advanced, showing the potential for cooperation.
The dissolution of brotherhood implies the need for a clear division of labor to avoid conflicts of interest."	21.0	22.0	yi
45	未来一年财运是否有突破？	Will there be a breakthrough in wealth luck in the coming year?	丙戌年壬午月辛未日	"
财爻旺动化进，显示有较好的财运机会。
世爻旺相而生用神，暗示测者在财运突破上需积极努力。"	反馈年初财运一般，年中获得投资回报，收入大增。?(六爻名家卦例大收集47)	Feedback: Financial luck is average at the beginning of the year, investment returns will be obtained in the middle of the year, and income will increase significantly. ?(A large collection of six-line hexagrams from famous masters, 47)	"The wealth line is prosperous and dynamic, indicating better financial luck opportunities.
The prosperous appearance of Shi Yao and the birth of Yong Shen imply that the tester needs to actively work hard to achieve a breakthrough in financial luck."	34.0	36.0	xin
46	是否能与家人和解？	Can you reconcile with your family?	癸巳年乙未月甲戌日	"
兄弟爻旺动生世，显示家人之间的感情可逐步修复。
世爻得月扶，暗示和解需要时间，但总体可成。"	反馈家庭关系逐渐缓解，双方重新建立信任。?(六爻实战卦100例2)	Feedback: The family relationship gradually eased and trust was re-established on both sides. ?(Example 2 of 100 Six Yao Practical Battle Hexagrams)	"Brothers are prosperous throughout their lives, showing that the relationship between family members can be gradually restored.
Shi Yao is supported by the moon, which implies that reconciliation will take time, but overall it can be achieved."	37.0	41.0	jia
47	是否能顺利完成学业？	Can you successfully complete your studies?	甲申年壬辰月乙酉日	"
子孙爻旺动，显示测者的学业有扎实的基础。
官鬼爻化回头生，显示学业的关键在于坚持与努力。"	反馈学业顺利完成，并取得优异成绩。?(六爻实战卦100例2)	Feedback that students have successfully completed their studies and achieved excellent results. ?(Example 2 of 100 Six Yao Practical Battle Hexagrams)	"The children and grandchildren are prosperous, indicating that the tester has a solid academic foundation.
The transformation of Guan Gui Yao into reincarnation shows that the key to academic studies lies in persistence and hard work."	9.0	42.0	yi
48	是否适合近期创业？	Is it suitable for starting a business in the near future?	乙未年甲午月辛巳日	"
财爻旺动生世，显示创业环境较为有利。
世爻静，提醒测者需要充分准备以降低风险。"	反馈创业成功，但初期遇到一些困难，后续逐步稳定。?(六爻实战卦100例2)	Feedback is that the business was successful, but encountered some difficulties in the early stage, and then gradually stabilized. ?(Example 2 of 100 Six Yao Practical Battle Hexagrams)	"The prosperous wealth line indicates a more favorable environment for starting a business.
Shi Yaojing reminds testers that they need to be fully prepared to reduce risks."	50.0	51.0	xin
49	丢失的文件是否能找回？	Can lost files be recovered?	癸未年壬午月丁卯日	"
用神伏于世爻，显示文件尚在附近，但不易察觉。
财爻临空，显示需等待合适时机才能找回。"	反馈文件在整理办公桌时意外找到。?(六爻实战卦100例2)	The feedback file was accidentally found while organizing my desk. ?(Example 2 of 100 Six Yao Practical Battle Hexagrams)	"Use the god to hide in the world, indicating that the document is still nearby, but it is not easy to detect.
The money line is in the air, indicating that you need to wait for the right time to retrieve it."	48.0	46.0	ding
50	家中是否会有意外之财？	Will there be an unexpected fortune at home?	癸巳年甲午月乙丑日	"
财爻旺相，显示家中有机会获得意外之财。
世爻静而生用神，显示测者对此较为期待。"	反馈年末收到一笔久拖未还的债务。?(六爻实战卦100例2)	Feedback: I received a long-overdue debt at the end of the year. ?(Example 2 of 100 Six Yao Practical Battle Hexagrams)	"A prosperous wealth sign indicates that the family has the opportunity to receive unexpected wealth.
The world is quiet and the spirit is born, which shows that the tester is looking forward to it."	14.0	19.0	yi
51	是否能成功申请贷款？	Can I successfully apply for a loan?	丙辰年壬辰月庚午日	"
财爻旺动化吉，显示贷款申请有较大成功率。
世爻静，提示测者需注意流程中的细节。"	反馈贷款顺利批复，资金按时到账。?(六爻实战卦100例2)	Feedback: The loan was approved smoothly and the funds were received on time. ?(Example 2 of 100 Six Yao Practical Battle Hexagrams)	"If the money is prosperous, it will turn into good luck, indicating that the loan application has a higher success rate.
Shi Yaojing reminds testers to pay attention to the details in the process."	21.0	40.0	geng
52	是否能通过重要考试？	Can you pass the important exam?	甲申年癸未月庚辰日	"
子孙爻旺动，显示测者有充分的备考基础。
官鬼爻静，显示考试难度适中，只需正常发挥即可。"	反馈考试顺利通过，成绩优异。?(六爻名家卦例大收集47)	Feedback: The exam was successfully passed with excellent results. ?(A large collection of six-line hexagrams from famous masters, 47)	"The children and grandchildren are prosperous, indicating that the test taker has sufficient preparation foundation.
The demons is quiet, indicating that the difficulty of the exam is moderate, and you only need to perform normally."	13.0	22.0	geng
53	是否能顺利完成项目？	Can the project be successfully completed?	丙辰年乙未月甲子日	"
世爻旺动化进，显示测者对项目充满信心。
财爻旺相，显示项目资源充足，成功概率较大。"	反馈项目顺利完成，并获得客户好评。?(六爻名家卦例大收集47)	The feedback project was successfully completed and received high praise from customers. ?(A large collection of six-line hexagrams from famous masters, 47)	"The dynamic progress of the world shows that the testers have full confidence in the project.
The wealth element is prosperous, indicating that the project resources are sufficient and the probability of success is high."	42.0	9.0	jia
54	母亲身体健康是否会有问题？	Will there be any problems with the mother's health?	癸未年乙巳月丁亥日	"
父母爻临旺动化回头生，显示健康情况大体稳定。
世爻化退，暗示需关注母亲的身体变化并适时体检。"	反馈母亲偶有小病，但无大碍。?(六爻实战卦100例2)	Feedback that my mother occasionally has minor illnesses, but nothing serious. ?(Example 2 of 100 Six Yao Practical Battle Hexagrams)	"If the parents' Yao Lin is prosperous and they are reborn, it shows that their health is generally stable.
Shi Yao fades away, suggesting the need to pay attention to the mother's physical changes and conduct timely physical examinations."	25.0	29.0	ding
55	是否可以顺利参加重要会议？	Can you successfully attend important meetings?	甲申年癸未月庚辰日	"
官鬼爻静，显示会议进程顺利，但细节需注意。
世爻得月扶，表示测者能在会议中有所表现。"	反馈会议顺利参与，并达成目标成果。?(六爻实战卦100例2)	The feedback meeting was successfully attended and the target results were achieved. ?(Example 2 of 100 Six Yao Practical Battle Hexagrams)	"The quietness of the demons indicates that the meeting is going smoothly, but the details need to be paid attention to.
If Shi Yao is supported by the moon, it means that the tester can perform well in meetings."	16.0	18.0	geng
56	是否能与合作方达成共识？	Can a consensus be reached with partners?	丙辰年甲子月庚午日	"
财爻旺动，显示合作方在资源上较为配合。
世爻静，提醒测者需主动协调，推动合作进展。"	反馈合作达成，但需要进一步细化协议条款。?(六爻实战卦100例2)	Feedback cooperation is reached, but the terms of the agreement need to be further refined. ?(Example 2 of 100 Six Yao Practical Battle Hexagrams)	"The money line is prosperous, indicating that the partners are more cooperative in terms of resources.
Shi Yaojing reminds test takers to take the initiative to coordinate and promote the progress of cooperation."	19.0	33.0	geng
57	失联的朋友是否平安？	Is the lost friend safe?	甲午年乙未月丁酉日	"
用神父母爻静，显示朋友可能正在休整或忙碌。
世爻得日扶，暗示消息将在稍后时间传来。"	反馈朋友平安无事，因个人原因暂未联系测者。?(六爻名家卦例大收集47)	Feedback from friends is that everything is safe and the tester has not been contacted yet due to personal reasons. ?(A large collection of six-line hexagrams from famous masters, 47)	"Use ""God's parents"" and ""quiet"" to show that your friend may be resting or busy.
Shi Yao gets support from the sun, suggesting that news will come later."	45.0	47.0	ding
58	是否能在年底实现理财目标？	Will you be able to achieve your financial goals by the end of the year?	癸巳年甲午月丁卯日	"
财爻旺动，显示理财环境较好，目标有望实现。
世爻旺而生财，表示测者对理财较有信心。"	反馈目标完成，但过程中遇到小波动。?(六爻实战卦100例2)	The feedback goal is achieved, but small fluctuations are encountered in the process. ?(Example 2 of 100 Six Yao Practical Battle Hexagrams)	"The financial line is prosperous, indicating that the financial management environment is good and the goals are expected to be achieved.
If the world is prosperous and generates wealth, it means that the tester is more confident in financial management."	31.0	50.0	ding
59	兄弟的事业发展是否顺利？	Is the brother's career developing smoothly?	丙辰年乙未月甲寅日	"
官鬼爻旺动，显示兄弟的事业有上升趋势。
财爻静而化退，提醒需注意财务规划。"	反馈事业稳步发展，但需控制开支。?(六爻实战卦100例2)	Feedback Business is developing steadily, but expenses need to be controlled. ?(Example 2 of 100 Six Yao Practical Battle Hexagrams)	"The official and ghost lines are prosperous, indicating that the brother's career is on the rise.
The money line disappears quietly, reminding you to pay attention to financial planning."	37.0	35.0	jia
60	是否适合近期投资新项目？	Is it suitable for investing in new projects in the near future?	庚辰年甲午月庚子日	"
财爻旺动化吉，显示投资项目有较高回报潜力。
世爻静，提醒需充分调研后再行动。"	反馈投资成功，收益超出预期。?(六爻实战卦100例2)	Feedback: The investment was successful and the income exceeded expectations. ?(Example 2 of 100 Six Yao Practical Battle Hexagrams)	"A prosperous financial line turns into good luck, indicating that investment projects have high return potential.
Shi Yaojing reminds you that you need to conduct thorough research before taking any action."	14.0	30.0	geng
61	婚姻状况是否需要调整？	Does your marital status need to be adjusted?	甲午年乙未月甲戌日	"
妻财爻旺动生世，显示夫妻感情基础良好。
世爻旺相，暗示测者对婚姻满意，但需沟通协调。"	反馈夫妻关系和谐，但近期有小争执。?(六爻实战卦100例2)	Feedback: The relationship between husband and wife is harmonious, but there have been minor disputes recently. ?(Example 2 of 100 Six Yao Practical Battle Hexagrams)	"The wife's wealth will be prosperous throughout her life, which shows that the relationship between the couple has a good foundation.
The prosperous appearance of Shi Yao implies that the person is satisfied with the marriage, but communication and coordination are needed."	22.0	12.0	jia
62	孩子是否适合出国留学？	Is it suitable for my child to study abroad?	癸巳年壬辰月甲戌日	"
子孙爻旺动，显示孩子具备留学条件。
世爻化回头生，提醒测者需做好规划和心理准备。"	反馈留学计划顺利实施，适应良好。?(六爻实战卦100例2)	Feedback: The study abroad plan was implemented smoothly and the students adapted well. ?(Example 2 of 100 Six Yao Practical Battle Hexagrams)	"If the children and grandchildren are prosperous, it shows that the child has the conditions to study abroad.
The world will turn around and be reincarnated, reminding test takers to plan and be mentally prepared."	30.0	33.0	jia
63	父亲的财务问题是否能解决？	Can father's financial problems be solved?	乙未年丙午月乙酉日	"
财爻旺动，显示财务问题能得到缓解。
世爻旺相，提示测者需主动帮助协调。"	反馈问题逐渐缓解，债务按计划偿还。?(六爻名家卦例大收集47)	Feedback issues gradually eased and debts were repaid as planned. ?(A large collection of six-line hexagrams from famous masters, 47)	"The money line is prosperous, indicating that financial problems can be alleviated.
The prosperous appearance of Shiyao reminds the person to take the initiative to help and coordinate."	14.0	19.0	yi
64	近期搬家是否吉利？	Is it auspicious to move recently?	庚辰年癸未月丁酉日	"
父母爻旺动，显示搬家时机较好。
世爻静而得日建相助，提醒测者需择良辰吉日。"	反馈搬家顺利，新环境适宜。?(六爻实战卦100例2)	Feedback: The move went smoothly and the new environment is suitable. ?(Example 2 of 100 Six Yao Practical Battle Hexagrams)	"If the parents' lines are vigorous, it indicates that it is a good time to move.
The world is quiet and Japan can help, reminding the tester to choose a good time and auspicious day."	18.0	20.0	ding
65	是否能成功追回欠款？	Can the debt be recovered successfully?	甲午年壬辰月庚寅日	"
财爻静而化进，显示追款有一定难度，但最终能成功。
世爻旺相，显示测者需坚持沟通。"	反馈欠款分期归还，结果满意。?(六爻实战卦100例2)	The feedback was that the debt was repaid in installments and the result was satisfactory. ?(Example 2 of 100 Six Yao Practical Battle Hexagrams)	"The money line is quiet and evolving, indicating that it is difficult to recover money, but it will be successful in the end.
The prosperous phase of the world shows that the tester needs to maintain communication."	45.0	46.0	geng
66	是否适合近期求职？	Is it suitable for job hunting in the near future?	丙辰年壬午月乙酉日	"
官鬼爻旺动，显示求职机会较多，但竞争激烈。
财爻静，提示需关注长远发展。"	反馈成功找到工作，但适应期较长。?(六爻名家卦例大收集47)	Feedback: Successfully found a job, but the adaptation period is long. ?(A large collection of six-line hexagrams from famous masters, 47)	"The official and ghost lines are active, indicating that there are many job opportunities, but the competition is fierce.
Cai Yao is quiet, suggesting the need to pay attention to long-term development."	13.0	37.0	yi
67	是否能在未来三个月内完成目标？	Can the goal be achieved within the next three months?	甲申年乙未月甲辰日	"
财爻旺动生世，显示目标有望实现。
世爻静，提醒测者需坚定信念。"	反馈目标顺利完成，效率较高。?(六爻实战卦100例2)	The feedback goal was successfully completed and the efficiency was high. ?(Example 2 of 100 Six Yao Practical Battle Hexagrams)	"Prosperous wealth brings prosperity to your life, indicating that your goals are expected to be achieved.
The world is quiet, reminding testers that they need to have firm faith."	42.0	31.0	jia
68	今年是否适合买车？	Is this a good year to buy a car?	癸未年甲午月乙丑日	"
财爻旺动，显示购车环境较为有利。
世爻得应爻相生，显示测者对此有明确计划。"	反馈年中购车，车况和价格均满意。?(六爻实战卦100例2)	Feedback: I purchased the car in the middle of the year and was satisfied with the condition and price. ?(Example 2 of 100 Six Yao Practical Battle Hexagrams)	"The money line is prosperous, indicating that the car buying environment is more favorable.
The world's Yao and the corresponding Yao are mutually reinforcing, indicating that the tester has a clear plan for this."	21.0	25.0	yi
69	家族企业能否顺利渡过困难期？	Can family businesses survive difficult times?	癸巳年丙午月甲子日	"
财爻旺动化退，显示企业资源紧张，但有望扭转。
世爻得月扶，显示家族成员团结一致，共度难关。"	反馈困难逐渐缓解，企业稳步恢复。?(六爻名家卦例大收集47)	Feedback difficulties gradually eased and the business recovered steadily. ?(A large collection of six-line hexagrams from famous masters, 47)	"The financial boom has subsided, indicating that corporate resources are tight, but it is expected to be reversed.
Shi Yao is supported by the moon, which shows that family members are united to overcome difficulties."	50.0	29.0	jia
70	是否适合近期与朋友合伙投资？	Is it suitable to invest in partnership with friends in the near future?	甲午年乙未月庚辰日	"
财爻旺动，显示投资项目有潜力，但需谨慎分工。
世爻旺相，显示测者对合作持积极态度。"	反馈合伙投资初期顺利，但后期因财务分配出现分歧。?(六爻实战卦100例2)	Feedback: The partnership investment went smoothly initially, but later there were disagreements over financial allocation. ?(Example 2 of 100 Six Yao Practical Battle Hexagrams)	"The money line is booming, indicating that investment projects have potential, but careful division of labor is required.
The prosperous phase of the world shows that the tester has a positive attitude towards cooperation."	17.0	22.0	geng
71	孩子是否适合近期参加竞赛？	Is the child suitable to participate in competitions in the near future?	乙未年壬辰月甲戌日	"
子孙爻旺动，显示孩子有较大竞争优势。
世爻化进神，显示测者支持孩子参加竞赛。"	反馈孩子参赛表现出色，并取得优异成绩。?(六爻名家卦例大收集47)	Feedback that the children performed well in the competition and achieved excellent results. ?(A large collection of six-line hexagrams from famous masters, 47)	"The children and grandchildren are prosperous, which shows that the children have a greater competitive advantage.
Shi Yao transforms into a god, showing that the tester supports the child's participation in the competition."	31.0	30.0	jia
72	是否能追回丢失的贵重物品？	Is it possible to recover lost valuables?	癸未年甲午月乙丑日	"
用神父母爻静，显示物品仍在安全处。
财爻旺动，表示找回物品有望。"	反馈物品被邻居拾获归还，无重大损失。?(六爻实战卦100例2)	Feedback: The items were picked up and returned by neighbors without any major damage. ?(Example 2 of 100 Six Yao Practical Battle Hexagrams)	"Use the words ""God's parents"" to show that the items are still in a safe place.
The money line is prosperous, indicating that there is hope for retrieving the items."	48.0	25.0	yi
73	是否适合近期换房？	Is it suitable for house change in the near future?	癸巳年丙午月丁酉日	"
父母爻旺动，显示房屋选择较多，机会良好。
财爻旺相，提示测者可顺势行动。"	反馈换房顺利，价格和房源都符合预期。?(六爻名家卦例大收集47)	Feedback: The room change went smoothly, and the price and availability were in line with expectations. ?(A large collection of six-line hexagrams from famous masters, 47)	"The parents' lines are prosperous, indicating that there are more housing options and good opportunities.
The prosperous wealth line indicates that the tester can take action according to the trend."	14.0	37.0	ding
74	远方的亲戚是否健康平安？	Are distant relatives healthy and safe?	甲申年乙未月庚寅日	"
用神父母爻旺动，显示亲戚身体状况大体良好。
世爻旺相，暗示测者对此较为关心。"	反馈亲戚健康良好，并与测者保持联系。?(六爻实战卦100例2)	Feedback that relatives are in good health and keep in touch with the test taker. ?(Example 2 of 100 Six Yao Practical Battle Hexagrams)	"Use the divine parent line to move vigorously, indicating that the relative's physical condition is generally good.
The prosperous appearance of Shi Yao implies that the tester is more concerned about this."	45.0	42.0	geng
75	是否适合近期购置大件家电？	Is it suitable for purchasing large home appliances in the near future?	丙辰年壬午月丁亥日	"
财爻旺动化吉，显示家电购置时机良好。
世爻静，提醒测者需根据预算合理选择。"	反馈购置顺利，产品质量和价格均满意。?(六爻实战卦100例2)	Feedback: The purchase went smoothly and the product quality and price were satisfactory. ?(Example 2 of 100 Six Yao Practical Battle Hexagrams)	"A prosperous financial line turns into auspiciousness, indicating that it is a good time to purchase home appliances.
Shi Yaojing reminds testers to make reasonable choices based on their budget."	40.0	46.0	ding
76	朋友是否会按时归还借款？	Will the friend repay the loan on time?	癸未年甲午月乙卯日	"
财爻静，显示朋友有还款意愿，但进程稍缓。
世爻旺相，提示测者需主动沟通协调。"	反馈借款按期归还，双方关系无损。?(六爻实战卦100例2)	Feedback: The loan was repaid on time and the relationship between the two parties was not damaged. ?(Example 2 of 100 Six Yao Practical Battle Hexagrams)	"The money line is quiet, indicating that your friend is willing to repay, but the process is a little slow.
The prosperous aspect of the world reminds the tester that he needs to take the initiative to communicate and coordinate."	19.0	33.0	yi
77	是否能顺利开展新业务？	Can you successfully launch new business?	癸巳年甲午月乙亥日	"
财爻旺动，显示新业务有潜力。
世爻得应爻生扶，显示测者有能力推动业务进展。"	反馈业务初期平稳，后续逐步扩大规模。?(六爻名家卦例大收集47)	Feedback indicates that the business was stable in the initial stage and will gradually expand in scale in the future. ?(A large collection of six-line hexagrams from famous masters, 47)	"The money line is prosperous, indicating the potential of new business.
Shi Yao is supported by Ying Yao, which shows that the tester has the ability to promote business progress."	25.0	21.0	yi
78	近期是否适合购入商铺？	Is it suitable to purchase a shop in the near future?	癸巳年乙未月甲申日	"
财爻旺动，显示商铺市场稳定，时机较佳。
世爻静，提示测者需仔细评估价格和地段。"	反馈购入商铺后租赁顺利，收益稳定。?(六爻实战卦100例2)	Feedback: After purchasing the shop, the leasing went smoothly and the income was stable. ?(Example 2 of 100 Six Yao Practical Battle Hexagrams)	"The financial line is prosperous, indicating that the retail market is stable and the timing is good.
Shi Yaojing reminds buyers to carefully evaluate the price and location."	50.0	48.0	jia
79	是否能找到丢失的手表？	Can you find your lost watch?	甲午年癸未月乙卯日	"
用神伏于世爻，表示物品可能隐藏在熟悉的地方。
财爻化退，显示找回手表可能需要耐心。"	反馈手表最终在车内找到，无损失。?(六爻实战卦100例2)	The feedback watch was eventually found in the car without loss. ?(Example 2 of 100 Six Yao Practical Battle Hexagrams)	"Using the god to loom over the world means that the item may be hidden in a familiar place.
The loss of wealth indicates that it may take patience to get the watch back."	23.0	22.0	yi
80	是否能成功出售手中房产？	Can you successfully sell your property?	乙未年丙午月丁酉日	"
财爻旺动，显示出售房产的市场环境较好。
世爻静而化退，提示可能需要降价吸引买家。"	反馈房产成功出售，但价格略低于预期。?(六爻名家卦例大收集47)	Feedback The property sold successfully, but the price was slightly lower than expected. ?(A large collection of six-line hexagrams from famous masters, 47)	"The money line is prosperous, indicating that the market environment for selling real estate is better.
The situation faded away quietly, suggesting that prices may need to be lowered to attract buyers."	14.0	19.0	ding
81	公司是否能顺利签订大客户合同？	Can the company successfully sign major customer contracts?	丙辰年甲子月庚午日	"
财爻旺动，显示客户资源有利。
世爻旺相，表示测者积极推动合同进展。"	反馈合同顺利签订，为公司带来可观利润。?(六爻实战卦100例2)	Feedback The contract was successfully signed, bringing considerable profits to the company. ?(Example 2 of 100 Six Yao Practical Battle Hexagrams)	"The wealth line is prosperous, indicating that customer resources are favorable.
The prosperous aspect of Shi Yao means that the tester actively promotes the progress of the contract."	42.0	9.0	geng
82	母亲健康状况是否需要特别注意？	Does the mother’s health require special attention?	癸未年甲午月乙亥日	"
父母爻旺动，显示健康基础尚可，但需注意日常调养。
世爻旺相，显示测者较为关心母亲情况。"	反馈母亲因轻微高血压就诊后恢复良好。?(六爻实战卦100例2)	Feedback was given that the mother recovered well after being treated for mild hypertension. ?(Example 2 of 100 Six Yao Practical Battle Hexagrams)	"The parents' Yao is vigorous and active, indicating that their health foundation is acceptable, but they need to pay attention to daily maintenance.
The prosperous phase of life shows that the person is more concerned about his mother's condition."	45.0	46.0	yi
83	是否适合近期参加重要比赛？	Is it suitable to participate in important competitions in the near future?	甲申年乙未月庚辰日	"
子孙爻旺动，显示参赛者状态良好，具备竞争力。
财爻静，表示比赛虽重要，但不宜过度追求结果。"	反馈参赛表现稳定，但未获奖项。?(六爻实战卦100例2)	Feedback: The performance in the competition was stable, but no awards were awarded. ?(Example 2 of 100 Six Yao Practical Battle Hexagrams)	"The descendants are vigorously moving, indicating that the contestants are in good condition and competitive.
Cai Yaojing said that although competition is important, it is not advisable to pursue results excessively."	13.0	18.0	geng
84	孩子是否能通过留学申请？	Can my child apply to study abroad?	癸巳年甲午月丁卯日	"
子孙爻旺动，显示申请条件充分。
世爻静，提示测者需关注申请中的细节。"	反馈留学申请成功，学校录取通知顺利到达。?(六爻名家卦例大收集47)	Feedback: The application for studying abroad was successful and the school admission notice arrived successfully. ?(A large collection of six-line hexagrams from famous masters, 47)	"The children and grandchildren are prosperous, indicating that the application conditions are sufficient.
Shi Yaojing reminds test takers to pay attention to the details in the application."	25.0	40.0	ding
85	近期是否适合做高风险投资？	Is it suitable to make high-risk investments in the near future?	甲午年丙辰月庚寅日	"
财爻旺动化进，显示投资机会较好。
世爻化退，提示测者需谨慎操作，不宜贪大求快。"	反馈部分投资成功，但风险收益不成比例，决定降低风险偏好。?(六爻实战卦100例2)	Feedback was that some investments were successful, but the risks and returns were disproportionate, so we decided to lower our risk appetite. ?(Example 2 of 100 Six Yao Practical Battle Hexagrams)	"The money line is prosperous and dynamic, indicating good investment opportunities.
The world is changing, reminding testers that they need to operate with caution, and should not be greedy for big things and seek quick results."	14.0	13.0	geng
86	孩子的学业是否能顺利进步？	Can the child's studies progress smoothly?	癸巳年壬辰月甲申日	"
子孙爻旺动，显示孩子学习基础良好，进步可期。
官鬼爻化吉，显示学习中得到贵人相助或启发。"	反馈成绩提升显著，家长和老师均感满意。?(六爻实战卦100例2)	Feedback shows that the performance has improved significantly, and both parents and teachers are satisfied. ?(Example 2 of 100 Six Yao Practical Battle Hexagrams)	"The children and grandchildren are prosperous, indicating that the child has a good learning foundation and can expect progress.
The demons line turns into auspiciousness, indicating that you have received help or inspiration from noble people in your studies."	42.0	50.0	jia
87	朋友借款是否能按时归还？	Can a friend's loan be repaid on time?	乙未年丙午月丁亥日	"
财爻静而化进，显示朋友有还款意愿。
世爻旺动，提示测者需主动提醒。"	反馈借款按时归还，无纠纷。?(六爻名家卦例大收集47)	Feedback: The loan was repaid on time without any disputes. ?(A large collection of six-line hexagrams from famous masters, 47)	"The money lines are quiet and evolving, showing that the friend is willing to repay.
The world is booming, suggesting that test takers need to take the initiative to remind them."	19.0	9.0	ding
88	是否能顺利购入心仪的房产？	Can you successfully purchase the property of your choice?	癸未年甲午月乙亥日	"
父母爻旺动，显示房源条件理想。
世爻静，提醒测者需抓紧时机，避免错失机会。"	反馈房产成功购入，后续装修顺利。?(六爻实战卦100例2)	Feedback: The property was purchased successfully and the subsequent renovation went smoothly. ?(Example 2 of 100 Six Yao Practical Battle Hexagrams)	"The parents are active, indicating that the condition of the house is ideal.
Shi Yaojing reminds test takers to seize the opportunity to avoid missing opportunities."	18.0	45.0	yi
89	是否适合近期旅行？	Is it suitable for recent travel?	甲申年乙未月庚辰日	"
子孙爻旺动，显示旅行时机较好，心情愉悦。
世爻旺相，提示需做好规划以确保顺利。"	反馈旅行顺利，体验愉快。?(六爻实战卦100例2)	Feedback: The trip went smoothly and the experience was pleasant. ?(Example 2 of 100 Six Yao Practical Battle Hexagrams)	"If the children and grandchildren move vigorously, it means that the time for travel is good and the mood is good.
The prosperous phase of the world reminds you that you need to plan well to ensure success."	30.0	31.0	geng
90	是否能成功应对公司突发问题？	Can you successfully deal with unexpected company problems?	丙辰年壬午月甲寅日	"
官鬼爻旺动，显示问题虽复杂，但有能力解决。
世爻旺相，提示测者需保持冷静，逐步处理。"	反馈问题成功解决，公司恢复正常运营。?(六爻名家卦例大收集47)	The feedback issue was successfully resolved and the company resumed normal operations. ?(A large collection of six-line hexagrams from famous masters, 47)	"The demons line is vigorously moving, indicating that although the problem is complicated, it is capable of being solved.
The prosperous aspect of the world reminds the tester to stay calm and deal with it step by step."	9.0	21.0	jia
91	亲戚是否会按时到访？	Will relatives arrive on time?	癸未年乙未月庚寅日	"
父母爻旺动，显示亲戚有意按时到访，但可能因小事稍有耽搁。
世爻静而得日扶，表示测者对此无需担忧。"	反馈亲戚按计划到访，无明显延误。?(六爻实战卦100例2)	Feedback is that relatives arrived as planned and there was no significant delay. ?(Example 2 of 100 Six Yao Practical Battle Hexagrams)	"The parents' lines are vigorous, indicating that relatives intend to visit on time, but may be slightly delayed due to trivial matters.
If the world is peaceful and the day is supported, it means that the tester does not need to worry about it."	25.0	22.0	geng
92	是否能成功处理家庭矛盾？	Can family conflicts be successfully handled?	乙未年甲午月乙亥日	"
兄弟爻旺动，显示家庭成员之间沟通良好。
世爻旺相，提示测者在化解矛盾中起关键作用。"	反馈矛盾逐步解决，家庭气氛和睦。?(六爻名家卦例大收集47)	Feedback: Conflicts are gradually resolved and the family atmosphere is harmonious. ?(A large collection of six-line hexagrams from famous masters, 47)	"The prosperous movement of brother lines indicates good communication among family members.
The prosperous aspect of Shi Yao reminds the person to play a key role in resolving conflicts."	37.0	33.0	yi
93	公司财务状况是否能改善？	Can the company's financial situation improve?	甲午年乙未月庚寅日	"
财爻旺动，显示财务压力可逐步缓解。
世爻化吉，提示公司需优化成本管理。"	反馈财务状况在第三季度显著改善，盈利逐渐恢复。?(六爻实战卦100例2)	Feedback: Financial conditions improved significantly in the third quarter, with profits gradually recovering. ?(Example 2 of 100 Six Yao Practical Battle Hexagrams)	"The money line is prosperous, indicating that financial pressure can be gradually alleviated.
Shi Yao turns into auspiciousness, reminding the company to optimize cost management."	42.0	41.0	geng
94	能否顺利完成团队新任务？	Can the team successfully complete the new task?	丙辰年乙未月甲子日	"
财爻旺动，显示团队资源充足，计划推进顺利。
世爻静，提示需加强内部沟通与协作。"	反馈任务按时完成，客户满意度高。?(六爻名家卦例大收集47)	Feedback tasks are completed on time and customer satisfaction is high. ?(A large collection of six-line hexagrams from famous masters, 47)	"The financial line is prosperous, indicating that the team has sufficient resources and the plan is progressing smoothly.
Shi Yaojing reminds us of the need to strengthen internal communication and collaboration."	31.0	40.0	jia
95	是否适合扩展公司业务？	Is it suitable for expanding the company's business?	癸巳年甲午月乙亥日	"
财爻旺动化吉，显示扩展业务的市场环境较好。
世爻得月扶，提示测者需关注核心资源整合。"	反馈业务扩展后业绩增长显著。?(六爻实战卦100例2)	Feedback shows significant growth in performance after business expansion. ?(Example 2 of 100 Six Yao Practical Battle Hexagrams)	"A prosperous financial line turns into auspiciousness, indicating a good market environment for business expansion.
Shi Yao is supported by the moon, which reminds testers to pay attention to the integration of core resources."	50.0	45.0	yi
96	是否能顺利找到合适的合作伙伴？	Can you successfully find the right partner?	乙未年丙午月庚辰日	"
官鬼爻旺动，显示合作伙伴资质优秀。
世爻静，提示测者需耐心沟通，达成共识。"	反馈最终找到合作伙伴，合作关系稳定。?(六爻名家卦例大收集47)	Feedback eventually found a partner and the relationship was stable. ?(A large collection of six-line hexagrams from famous masters, 47)	"The demons line is in full swing, indicating that the partner has excellent qualifications.
Shi Yao Jing reminds testers that they need to communicate patiently and reach a consensus."	9.0	22.0	geng
97	亲戚是否能及时提供资金支持？	Can relatives provide timely financial support?	癸未年甲午月丁酉日	"
财爻旺动，显示亲戚有能力提供支持。
世爻化退，表示资金可能需要较长时间筹措。"	反馈资金于第二月到账，解决燃眉之急。?(六爻实战卦100例2)	The feedback funds arrived in the second month to solve the urgent need. ?(Example 2 of 100 Six Yao Practical Battle Hexagrams)	"A prosperous financial line shows that relatives have the ability to provide support.
Shi Yao retreats, indicating that funds may take a longer time to raise."	25.0	18.0	ding
98	是否适合在今年升级设备？	Is this the right year to upgrade your equipment?	甲午年乙未月庚寅日	"
父母爻旺动，显示设备升级有助于生产效率提升。
世爻静，提示测者需谨慎评估升级成本。"	反馈设备升级后运行良好，显著提升产能。?(六爻名家卦例大收集47)	Feedback is that the equipment is running well after the upgrade and production capacity is significantly improved. ?(A large collection of six-line hexagrams from famous masters, 47)	"Parents are busy, and the upgrade of display equipment will help improve production efficiency.
Shi Yaojing reminds testers to carefully evaluate the cost of upgrades."	40.0	33.0	geng
99	是否能顺利与对方签署协议？	Can you successfully sign an agreement with the other party?	丙辰年壬午月庚寅日	"
财爻旺动，显示协议内容对双方有利。
世爻得日扶，提示测者需提前准备关键条款。"	反馈协议成功签署，后续合作顺利开展。?(六爻实战卦100例2)	The feedback agreement was successfully signed and subsequent cooperation was carried out smoothly. ?(Example 2 of 100 Six Yao Practical Battle Hexagrams)	"The money line is prosperous, indicating that the content of the agreement is beneficial to both parties.
Shiyao is supported by Japan, reminding testers to prepare key terms in advance."	31.0	30.0	geng
100	是否能按期完成重要文件提交？	Can you complete the submission of important documents on time?	癸巳年乙未月甲申日	"
父母爻旺动，显示文件提交进程较顺利。
世爻静而化吉，提示测者需注重细节核查。"	反馈文件按期提交，并获批准。?(六爻实战卦100例2)	Feedback documents were submitted on time and approved. ?(Example 2 of 100 Six Yao Practical Battle Hexagrams)	"The parents' lines are active, indicating that the document submission process is going smoothly.
The world is quiet and turns into auspiciousness, which reminds the tester to pay attention to details and check."	18.0	14.0	jia
101	是否适合近期转让手中的店铺？	Is it suitable to transfer the store in your hands in the near future?	癸巳年乙未月庚申日	"
财爻旺动，显示店铺转让有较高成功率。
世爻静，提示测者需选择合适的买家，确保利益最大化。"	反馈店铺顺利转让，价格符合预期。?(六爻名家卦例大收集47)	Feedback: The store was transferred smoothly and the price was in line with expectations. ?(A large collection of six-line hexagrams from famous masters, 47)	"The money line is prosperous, indicating that the store transfer has a high success rate.
Shi Yaojing reminds testers to choose the right buyer to ensure maximum benefits."	14.0	33.0	geng
102	是否能通过评估获得贷款？	Can I get a loan with an appraisal?	乙未年壬午月甲子日	"
财爻旺动化进，显示贷款申请条件具备，审核较顺利。
世爻旺相，提示测者需准备充足材料以提高成功率。"	反馈贷款成功批复，资金按时到账。?(六爻实战卦100例2)	Feedback that the loan was successfully approved and the funds were received on time. ?(Example 2 of 100 Six Yao Practical Battle Hexagrams)	"The financial line is prosperous and dynamic, indicating that the loan application conditions are met and the review is smooth.
The prosperous phase of the world reminds the test taker to prepare sufficient materials to increase the success rate."	42.0	25.0	jia
103	朋友是否能成功换工作？	Can friends successfully change jobs?	癸未年丙午月庚辰日	"
官鬼爻旺动，显示工作机会较多，但竞争压力大。
财爻静而得日扶，提示朋友需耐心等待时机。"	反馈朋友成功换岗，薪资有所提升。?(六爻实战卦100例2)	Feedback from a friend that he successfully changed his job and his salary increased. ?(Example 2 of 100 Six Yao Practical Battle Hexagrams)	"The official and ghost lines are prosperous, indicating that there are more job opportunities, but the competition pressure is high.
The money line is quiet and supported by the sun, reminding friends that they need to be patient and wait for the opportunity."	40.0	41.0	geng
104	是否能顺利完成家庭装修？	Can the home renovation be successfully completed?	丙辰年甲午月庚寅日	"
父母爻旺动，显示装修计划实施顺利。
世爻静，提示测者需关注预算控制，避免超支。"	反馈装修按计划完成，整体满意。?(六爻名家卦例大收集47)	Feedback: The renovation was completed as planned and overall satisfactory. ?(A large collection of six-line hexagrams from famous masters, 47)	"Parents' excited movements indicate that the decoration plan is being implemented smoothly.
Shi Yaojing reminds test takers to pay attention to budget control and avoid overspending."	18.0	22.0	geng
105	是否适合参加朋友组织的合资项目？	Is it suitable to participate in a joint venture project organized by a friend?	癸未年壬午月乙亥日	"
财爻旺动，显示项目有较高可行性。
世爻静而化吉，提示测者需详细评估项目风险。"	反馈项目初期进展顺利，但后期收益略低于预期。?(六爻实战卦100例2)	The feedback project went well in the early stages, but later returns were slightly lower than expected. ?(Example 2 of 100 Six Yao Practical Battle Hexagrams)	"The money line is prosperous, indicating that the project has high feasibility.
The world is quiet and auspicious, prompting testers to evaluate project risks in detail."	13.0	9.0	yi
106	是否能找到失去联络的朋友？	Can you find a friend you've lost contact with?	甲午年乙未月庚寅日	"
兄弟爻旺动，显示朋友目前情况稳定。
世爻得日扶，提示测者需通过亲近关系重新取得联络。"	反馈朋友通过第三方主动联系测者，关系恢复。?(六爻实战卦100例2)	The feedback friend proactively contacted the tester through a third party, and the relationship was restored. ?(Example 2 of 100 Six Yao Practical Battle Hexagrams)	"The brother's line is prosperous, indicating that the friend is currently in stable condition.
Shi Yao is supported by the day, suggesting that the tester needs to regain contact through close relationships."	45.0	37.0	geng
107	是否能顺利处理与客户的纠纷？	Can disputes with customers be handled smoothly?	癸巳年甲午月丁酉日	"
官鬼爻旺动，显示纠纷处理难度较大，但有解决希望。
财爻静，提示需合理让步以达成共识。"	反馈纠纷最终和解，双方满意。?(六爻名家卦例大收集47)	The feedback dispute was eventually settled to the satisfaction of both parties. ?(A large collection of six-line hexagrams from famous masters, 47)	"The strong movement of official and ghost lines indicates that it is difficult to resolve disputes, but there is hope for resolution.
Cai Yaojing indicates the need for reasonable concessions to reach a consensus."	31.0	50.0	ding
108	是否适合近期开展新产品开发？	Is it suitable for new product development in the near future?	癸未年丙午月乙亥日	"
财爻旺动化进，显示开发条件成熟。
世爻静，提示测者需控制成本，合理规划资源。"	反馈新产品开发成功，市场反响良好。?(六爻实战卦100例2)	Feedback: New product development was successful and market response was good. ?(Example 2 of 100 Six Yao Practical Battle Hexagrams)	"The financial line is prosperous and dynamic, indicating that development conditions are mature.
Shi Yaojing reminds testers to control costs and plan resources reasonably."	42.0	19.0	yi
109	是否能顺利完成研究项目？	Can the research project be successfully completed?	甲午年癸未月庚辰日	"
子孙爻旺动，显示研究基础扎实，有成功可能。
世爻静而得日扶，提示测者需专注进展，避免分心。"	反馈项目按时完成，成果被认可。?(六爻实战卦100例2)	The feedback project was completed on time and the results were recognized. ?(Example 2 of 100 Six Yao Practical Battle Hexagrams)	"The descendants are prosperous, which shows that the research foundation is solid and there is a possibility of success.
The world is quiet and the day is supported, suggesting that the tester needs to focus on progress and avoid distractions."	30.0	20.0	geng
110	是否能顺利完成近期重大交易？	Can you successfully complete recent major transactions?	丙辰年甲午月庚寅日	"
财爻旺动，显示交易的各项条件已成熟。
世爻化进，提示测者需注意流程细节，以确保交易顺利完成。"	反馈交易如期完成，双方满意。?(六爻实战卦100例2)	Feedback The transaction was completed as scheduled and both parties were satisfied. ?(Example 2 of 100 Six Yao Practical Battle Hexagrams)	"The money line is prosperous, indicating that the conditions for the transaction have matured.
Shiyaohuajin reminds testers to pay attention to the details of the process to ensure that the transaction is completed smoothly."	22.0	9.0	geng
111	是否能与亲戚和解？	Is it possible to reconcile with relatives?	甲午年乙未月丁酉日	"
兄弟爻旺动，显示家庭关系中存在沟通障碍。
世爻静而化退，提示和解需从双方理解与耐心入手。"	反馈矛盾逐步化解，家庭关系恢复和谐。?(六爻名家卦例大收集47)	Feedback conflicts are gradually resolved and family relationships are restored to harmony. ?(A large collection of six-line hexagrams from famous masters, 47)	"The brothers' lines are vigorous and active, indicating that there are communication barriers in family relationships.
The world fades away quietly, reminding that reconciliation requires understanding and patience from both parties."	37.0	33.0	ding
112	是否适合近期推出新营销活动？	Is it suitable to launch a new marketing campaign in the near future?	癸巳年甲午月乙亥日	"
财爻旺动化吉，显示营销活动时机良好，预期效果较佳。
世爻旺相，提示测者需注重活动创意及推广力度。"	反馈活动成功，客户转化率提升。?(六爻实战卦100例2)	The feedback campaign was successful and the customer conversion rate increased. ?(Example 2 of 100 Six Yao Practical Battle Hexagrams)	"A prosperous financial line turns into good luck, indicating that the timing of marketing activities is good and the expected results are better.
The prosperity of the world reminds testers to pay attention to the creativity and promotion of activities."	42.0	14.0	yi
113	是否能顺利协调与同事的分歧？	Can you successfully reconcile differences with colleagues?	乙未年丙午月庚辰日	"
用神兄弟爻旺动，显示同事间的分歧有望调和。
世爻静，提示测者需耐心倾听并找到共同利益点。"	反馈矛盾化解，团队合作更加融洽。?(六爻实战卦100例2)	Feedback conflicts are resolved and teamwork becomes more harmonious. ?(Example 2 of 100 Six Yao Practical Battle Hexagrams)	"Use the word ""God Brothers"" to show that differences between colleagues are expected to be reconciled.
The quiet world reminds testers to listen patiently and find common interests."	25.0	20.0	geng
114	是否能顺利完成年度考核目标？	Can you successfully complete the annual assessment goals?	甲申年乙未月庚寅日	"
官鬼爻旺动，显示考核目标具备实现的可能。
世爻旺相，提示测者需注重时间管理和计划执行。"	反馈目标如期完成，考核结果优秀。?(六爻实战卦100例2)	The feedback objectives were completed on schedule and the assessment results were excellent. ?(Example 2 of 100 Six Yao Practical Battle Hexagrams)	"The official and ghost lines are moving vigorously, indicating that the assessment goals are likely to be achieved.
The prosperous aspect of the world reminds testers to pay attention to time management and plan execution."	13.0	31.0	geng
115	孩子是否能进入理想学校？	Will my child get into the ideal school?	癸未年壬午月丁卯日	"
子孙爻旺动，显示孩子具备进入理想学校的能力和条件。
世爻静，提示测者需协助孩子完善申请材料。"	反馈孩子成功入学，学习环境优越。?(六爻名家卦例大收集47)	Feedback: The child successfully entered school and the learning environment is excellent. ?(A large collection of six-line hexagrams from famous masters, 47)	"The children and grandchildren are prosperous, indicating that the child has the ability and conditions to enter the ideal school.
Shi Yaojing reminds test takers to help their children complete the application materials."	31.0	42.0	ding
116	是否能妥善处理客户投诉？	Can customer complaints be properly handled?	丙辰年癸未月庚寅日	"
财爻旺动，显示客户的投诉具有较大影响力。
世爻化吉，提示测者需冷静应对，提出有效解决方案。"	反馈投诉处理妥当，客户关系修复。?(六爻实战卦100例2)	Feedback complaints are properly handled and customer relationships are repaired. ?(Example 2 of 100 Six Yao Practical Battle Hexagrams)	"The money line is prosperous, indicating that customer complaints have greater influence.
Shiyao turns into good luck, reminding testers to deal with it calmly and come up with effective solutions."	40.0	41.0	geng
117	是否适合近期开展团队建设活动？	Is it suitable for a team building activity in the near future?	癸巳年甲午月丁酉日	"
财爻旺动，显示团队建设活动能够增强凝聚力。
世爻旺相，提示测者需设计有吸引力的活动形式。"	反馈活动成功举办，团队氛围明显改善。?(六爻实战卦100例2)	The feedback event was successfully held and the team atmosphere was significantly improved. ?(Example 2 of 100 Six Yao Practical Battle Hexagrams)	"The money line is prosperous, indicating that team building activities can enhance cohesion.
The prosperous phase of the world reminds the test taker to design attractive activities."	14.0	25.0	ding
118	是否能顺利完成年度销售目标？	Can the annual sales target be successfully achieved?	癸未年甲午月乙亥日	"
财爻旺动化吉，显示销售目标具备实现的可能性。
世爻静，提示测者需优化销售策略，合理分配资源。"	反馈销售目标提前完成，年度收益显著增长。?(六爻名家卦例大收集47)	Feedback showed that sales targets were achieved ahead of schedule and annual revenue increased significantly. ?(A large collection of six-line hexagrams from famous masters, 47)	"A prosperous financial line turns into auspiciousness, indicating that the sales target is likely to be achieved.
Shi Yaojing reminds testers that they need to optimize their sales strategies and allocate resources reasonably."	22.0	37.0	yi
119	是否适合近期参与大型展会？	Is it suitable to participate in large-scale exhibitions in the near future?	丙辰年壬午月庚寅日	"
财爻旺动，显示展会活动能够带来可观收益。
世爻静而得日扶，提示测者需充分准备展会相关物料。"	反馈展会表现良好，品牌知名度提升。?(六爻实战卦100例2)	Feedback: The exhibition performed well and brand awareness increased. ?(Example 2 of 100 Six Yao Practical Battle Hexagrams)	"The financial fortune is prosperous, indicating that exhibition activities can bring considerable profits.
The world is quiet and the day is supported, reminding testers to fully prepare exhibition-related materials."	40.0	50.0	geng
120	近期是否适合扩大公司规模？	Is it suitable to expand the company in the near future?	癸巳年乙未月庚辰日	"
财爻旺动，显示公司扩张具备资源基础。
世爻旺相，提示测者需注意新领域的风险管控。"	反馈扩张顺利，业务范围拓展成功。?(六爻实战卦100例2)	Feedback is that the expansion is smooth and the business scope has been successfully expanded. ?(Example 2 of 100 Six Yao Practical Battle Hexagrams)	"The wealth is booming, indicating that the company has the resource base for expansion.
The prosperity of the world reminds testers to pay attention to risk management and control in new fields."	13.0	9.0	geng
121	是否能顺利完成孩子的入学手续？	Can the child's enrollment procedures be successfully completed?	甲申年乙未月庚寅日	"
父母爻旺动，显示入学手续办理较为顺利。
世爻静而化吉，提示测者需提前准备相关材料。"	反馈手续顺利完成，入学时间如期安排。?(六爻实战卦100例2)	The feedback procedures were successfully completed and the enrollment time was scheduled as scheduled. ?(Example 2 of 100 Six Yao Practical Battle Hexagrams)	"The parents are very active, indicating that the admission procedures are relatively smooth.
The world is quiet and auspicious, suggesting that test takers need to prepare relevant materials in advance."	25.0	30.0	geng
122	是否能成功解决供应链问题？	Can supply chain issues be successfully addressed?	丙辰年甲午月乙亥日	"
财爻旺动化进，显示供应链问题具备解决可能。
世爻旺相，提示测者需主动协调各方资源。"	反馈供应链逐步恢复正常，生产稳定进行。?(六爻名家卦例大收集47)	Feedback indicates that the supply chain is gradually returning to normal and production is proceeding stably. ?(A large collection of six-line hexagrams from famous masters, 47)	"The financial situation is booming, indicating that supply chain problems may be solved.
The prosperous phase of the world reminds testers to take the initiative to coordinate resources from all parties."	42.0	45.0	yi
123	是否能顺利完成年度审计？	Can the annual audit be successfully completed?	癸巳年甲午月丁酉日	"
财爻旺动，显示审计材料准备充分。
世爻静，提示测者需重点关注数据细节。"	反馈审计顺利通过，无重大问题。?(六爻实战卦100例2)	The feedback audit passed successfully with no major issues. ?(Example 2 of 100 Six Yao Practical Battle Hexagrams)	"The financial line is prosperous, indicating that the audit materials are well prepared.
Shi Yaojing reminds test takers to pay attention to the details of the data."	14.0	33.0	ding
124	是否能及时完成重要的维修项目？	Can important maintenance projects be completed in a timely manner?	甲午年乙未月庚辰日	"
父母爻旺动，显示维修过程进展顺利。
世爻静而化吉，提示测者需合理安排人力和预算。"	反馈维修如期完成，后续运行稳定。?(六爻实战卦100例2)	Feedback is that the maintenance was completed as scheduled and subsequent operations are stable. ?(Example 2 of 100 Six Yao Practical Battle Hexagrams)	"The parents are moving vigorously, indicating that the repair process is progressing smoothly.
The world is quiet and auspicious, reminding testers that they need to reasonably arrange manpower and budget."	45.0	20.0	geng
125	是否能成功获取政府项目支持？	Can you successfully obtain government project support?	乙未年丙午月庚辰日	"
官鬼爻旺动，显示项目具备较高的政府支持可能性。
世爻旺相，提示测者需加强申请文件的完整性。"	反馈项目获批，资金及时到位。?(六爻名家卦例大收集47)	The feedback project was approved and funds were received in a timely manner. ?(A large collection of six-line hexagrams from famous masters, 47)	"The official and ghost lines are active, indicating that the project has a high possibility of government support.
The prosperity of the world reminds candidates to strengthen the integrity of application documents."	18.0	25.0	geng
126	是否适合近期与新客户合作？	Is it suitable to cooperate with new customers in the near future?	癸未年甲午月丁卯日	"
财爻旺动，显示新客户合作有较大潜力。
世爻静而化吉，提示测者需详细了解客户背景。"	反馈合作进展顺利，带来可观收益。?(六爻名家卦例大收集47)	Feedback The cooperation is progressing smoothly and has brought considerable benefits. ?(A large collection of six-line hexagrams from famous masters, 47)	"The money line is prosperous, indicating that there is great potential for cooperation with new customers.
The world is quiet and auspicious, suggesting that testers need to understand the customer's background in detail."	42.0	9.0	ding
127	是否能找到合适的新员工？	Can you find suitable new employees?	丙辰年壬午月庚寅日	"
官鬼爻旺动，显示招聘条件合理，有较大可能找到理想人选。
世爻静而得日扶，提示测者需明确职位需求。"	反馈新员工表现优异，与团队配合融洽。?(六爻实战卦100例2)	Feedback that new employees perform well and work well with the team. ?(Example 2 of 100 Six Yao Practical Battle Hexagrams)	"The official and ghost lines are active, indicating that the recruitment conditions are reasonable and it is more likely to find the ideal candidate.
The world is quiet and the day is supported, which reminds the test taker to clarify the job requirements."	31.0	50.0	geng
128	是否适合近期启动新技术项目？	Is it suitable for launching new technology projects in the near future?	甲午年乙未月庚辰日	"
财爻旺动化吉，显示项目启动条件良好。
世爻静而化退，提示测者需控制初期投入成本。"	反馈项目启动成功，进展平稳。?(六爻实战卦100例2)	Feedback: The project was launched successfully and progressed smoothly. ?(Example 2 of 100 Six Yao Practical Battle Hexagrams)	"A prosperous financial line turns into auspiciousness, indicating that the conditions for project start-up are good.
The world is quiet and receding, reminding testers that they need to control initial investment costs."	45.0	33.0	geng
129	是否能顺利完成公司内部的资源整合？	Can the company's internal resource integration be successfully completed?	癸巳年甲午月丁酉日	"
兄弟爻旺动，显示内部沟通与协调需加强。
世爻静而得日扶，提示整合进程需逐步推进。"	反馈整合顺利完成，提升了整体效率。?(六爻名家卦例大收集47)	Feedback integration was successfully completed, improving overall efficiency. ?(A large collection of six-line hexagrams from famous masters, 47)	"The brotherhood is flourishing, indicating that internal communication and coordination need to be strengthened.
The world is quiet but Japan is getting support, suggesting that the integration process needs to be advanced step by step."	25.0	18.0	ding
130	是否能顺利获取重要市场数据？	Can you successfully obtain important market data?	乙未年丙午月庚辰日	"
官鬼爻旺动，显示市场数据的获取渠道畅通。
世爻旺相，提示测者需与合作方保持良好关系。"	反馈数据及时到位，为后续决策提供了依据。?(六爻实战卦100例2)	Feedback data is received in a timely manner, providing a basis for subsequent decision-making. ?(Example 2 of 100 Six Yao Practical Battle Hexagrams)	"Officials and ghosts are busy, indicating that the channels for obtaining market data are smooth.
The prosperity of the world indicates that the tester needs to maintain a good relationship with his collaborators."	40.0	50.0	geng
131	是否能通过融资解决资金难题？	Can funding problems be solved through financing?	癸未年乙未月庚寅日	"
财爻旺动化进，显示融资成功率较高。
世爻静，提示测者需关注投资方的需求与条款。"	反馈融资顺利完成，企业恢复现金流。?(六爻名家卦例大收集47)	Feedback The financing was successfully completed and the company resumed its cash flow. ?(A large collection of six-line hexagrams from famous masters, 47)	"The financial line is prosperous and dynamic, indicating a higher success rate in financing.
Shi Yaojing reminds testers to pay attention to the needs and terms of investors."	14.0	42.0	geng
132	是否能顺利解决员工离职问题？	Can the problem of employee resignation be successfully solved?	甲申年癸未月庚辰日	"
兄弟爻旺动，显示离职问题需通过内部协调解决。
世爻静而化吉，提示测者需做好情绪安抚和后续交接工作。"	反馈离职问题得到妥善解决，团队稳定性恢复。?(六爻实战卦100例2)	Feedback indicates that the resignation issue has been properly resolved and team stability has been restored. ?(Example 2 of 100 Six Yao Practical Battle Hexagrams)	"The brothers are moving vigorously, indicating that the resignation issue needs to be resolved through internal coordination.
The world is quiet and auspicious, suggesting that the tester needs to do a good job in emotional comfort and follow-up handover work."	13.0	20.0	geng
133	是否适合近期扩大线上业务？	Is it suitable to expand online business in the near future?	癸巳年甲午月丁酉日	"
财爻旺动，显示线上业务具备较高发展潜力。
世爻静而化退，提示需优化线上资源配置。"	反馈业务扩展成功，流量和转化率均显著提高。?(六爻实战卦100例2)	Feedback indicates that the business has been successfully expanded and traffic and conversion rates have increased significantly. ?(Example 2 of 100 Six Yao Practical Battle Hexagrams)	"The wealth is booming, indicating that online business has high development potential.
The world is quiet and receding, suggesting the need to optimize online resource allocation."	42.0	45.0	ding
134	是否能及时完成紧急订单？	Can urgent orders be completed in time?	乙未年丙午月庚辰日	"
财爻旺动化吉，显示订单可如期交付。
世爻静，提示测者需协调好供应链与生产流程。"	反馈订单提前完成，客户满意度较高。?(六爻名家卦例大收集47)	Feedback is that orders are completed ahead of schedule and customer satisfaction is high. ?(A large collection of six-line hexagrams from famous masters, 47)	"A prosperous financial line turns into good luck, indicating that the order can be delivered as scheduled.
Shi Yaojing reminds testers to coordinate the supply chain and production process."	25.0	31.0	geng
135	是否能顺利推进海外合作项目？	Can overseas cooperation projects be smoothly promoted?	甲午年乙未月庚寅日	"
财爻旺动，显示合作项目的资源条件具备。
世爻旺相，提示测者需重点关注跨文化沟通的细节。"	反馈合作按计划推进，获得良好国际评价。?(六爻实战卦100例2)	Feedback Cooperation progressed as planned and received good international evaluation. ?(Example 2 of 100 Six Yao Practical Battle Hexagrams)	"The money line is prosperous, indicating that the resource conditions for the cooperation project are available.
The prosperous appearance of Shi Yao reminds test takers to focus on the details of cross-cultural communication."	40.0	22.0	geng
136	是否适合近期启动家庭装修计划？	Is it suitable to start a home renovation plan in the near future?	癸未年甲午月丁酉日	"
父母爻旺动，显示装修条件成熟。
世爻静而化退，提示需控制预算，确保装修质量。"	反馈装修按时完成，家庭整体满意度高。?(六爻名家卦例大收集47)	Feedback: The renovation was completed on time and the overall family satisfaction was high. ?(A large collection of six-line hexagrams from famous masters, 47)	"The parents' lines are vigorous and active, indicating that the conditions for decoration are mature.
The world fades away quietly, suggesting the need to control the budget and ensure the quality of decoration."	45.0	33.0	ding
137	是否能及时解决库存积压问题？	Can the inventory backlog problem be solved in time?	癸巳年乙未月庚辰日	"
财爻旺动化进，显示库存问题可以通过调整销售策略解决。
世爻旺相，提示测者需寻找渠道创新突破口。"	反馈库存逐步清理，销售额明显提升。?(六爻实战卦100例2)	Feedback showed that inventory was gradually cleared and sales increased significantly. ?(Example 2 of 100 Six Yao Practical Battle Hexagrams)	"The financial situation is booming, indicating that inventory problems can be solved by adjusting sales strategies.
The prosperity of the world prompts testers to find breakthroughs in channel innovation."	14.0	9.0	geng
138	是否能如期完成团队内部培训计划？	Can the team's internal training plan be completed as scheduled?	甲午年乙未月庚辰日	"
父母爻旺动，显示培训资源充足。
世爻静而得日扶，提示测者需加强时间管理。"	反馈培训计划完成，团队技能显著提高。?(六爻实战卦100例2)	Feedback training program completed and team skills improved significantly. ?(Example 2 of 100 Six Yao Practical Battle Hexagrams)	"Parents are active, which shows that training resources are sufficient.
The world is quiet and the day is supported, suggesting that the tester needs to strengthen time management."	31.0	50.0	geng
139	是否能成功调整产品定价策略？	Can you successfully adjust your product pricing strategy?	丙辰年壬午月庚寅日	"
财爻旺动化吉，显示定价策略的调整具备市场需求。
世爻化退，提示测者需综合考虑竞争对手和客户反馈。"	反馈调整后市场反应积极，销量有所提升。?(六爻名家卦例大收集47)	After the feedback adjustment, the market responded positively and sales increased. ?(A large collection of six-line hexagrams from famous masters, 47)	"The prosperity of wealth turns into good fortune, indicating that there is market demand for adjustments to pricing strategies.
Shi Yao is retreating, prompting testers to comprehensively consider competitor and customer feedback."	22.0	18.0	geng
140	是否适合近期购买设备？	Is it suitable to purchase equipment in the near future?	癸未年甲午月乙亥日	"
父母爻旺动，显示设备性能优越，购买条件良好。
世爻静而化吉，提示测者需对供应商进行充分评估。"	反馈设备购买顺利，使用效果良好。?(六爻实战卦100例2)	Feedback: The purchase of the equipment went smoothly and the results are good. ?(Example 2 of 100 Six Yao Practical Battle Hexagrams)	"The parents are very active, indicating that the device has excellent performance and the purchase conditions are good.
The world is quiet and auspicious, prompting the tester to fully evaluate the supplier."	45.0	25.0	yi
141	是否能顺利与竞争对手达成合作？	Can you successfully cooperate with competitors?	甲申年乙未月庚辰日	"
财爻旺动，显示合作对双方有利。
世爻静而化进，提示测者需展现诚意，加强信任建立。"	反馈合作成功达成，双方关系融洽。?(六爻名家卦例大收集47)	Feedback The cooperation was successfully achieved and the relationship between the two parties was harmonious. ?(A large collection of six-line hexagrams from famous masters, 47)	"The money line is prosperous, indicating that cooperation is beneficial to both parties.
The world is quiet and evolving, reminding testers to show sincerity and strengthen trust building."	13.0	19.0	geng
142	是否能顺利完成年度战略规划？	Can the annual strategic plan be successfully completed?	癸巳年乙未月庚辰日	"
父母爻旺动，显示规划资源准备充分。
世爻旺相，提示测者需注重规划实施的落地细节。"	反馈战略规划顺利通过，公司目标明确。?(六爻实战卦100例2)	Feedback: The strategic plan was successfully passed and the company's goals are clear. ?(Example 2 of 100 Six Yao Practical Battle Hexagrams)	"Parents are active, indicating that planning resources are fully prepared.
The prosperity of the world reminds testers to pay attention to the implementation details of planning and implementation."	40.0	50.0	geng
143	是否能成功拓展新业务渠道？	Can you successfully expand new business channels?	癸未年甲午月丁卯日	"
财爻旺动，显示新渠道拓展机会较大。
世爻旺相，提示测者需注重市场调研及长期规划。"	反馈新业务渠道开拓成功，客户群显著增长。?(六爻名家卦例大收集47)	Feedback is that new business channels have been successfully developed and the customer base has grown significantly. ?(A large collection of six-line hexagrams from famous masters, 47)	"The wealth is booming, indicating greater opportunities for new channel expansion.
The prosperity of the world reminds testers to pay attention to market research and long-term planning."	42.0	30.0	ding
144	是否适合近期招募技术人员？	Is it suitable for recruiting technical personnel in the near future?	丙辰年壬午月庚寅日	"
官鬼爻旺动，显示技术人才资源丰富。
世爻静而化吉，提示测者需明确岗位职责及薪酬方案。"	反馈招募顺利，找到适配团队的技术骨干。?(六爻实战卦100例2)	Feedback is that the recruitment went smoothly and the technical backbone suitable for the team was found. ?(Example 2 of 100 Six Yao Practical Battle Hexagrams)	"The prosperous movement of officials and ghosts indicates abundant technical talent resources.
The world is quiet and auspicious, reminding candidates that they need to clarify their job responsibilities and salary plan."	31.0	22.0	geng
145	是否能成功签署跨国合作协议？	Can a cross-border cooperation agreement be successfully signed?	癸巳年甲午月乙亥日	"
财爻旺动化吉，显示合作协议条件成熟。
世爻旺相，提示测者需关注文化差异及法律问题。"	反馈协议顺利签署，为公司开辟新市场。?(六爻实战卦100例2)	The feedback agreement was successfully signed, opening up new markets for the company. ?(Example 2 of 100 Six Yao Practical Battle Hexagrams)	"A prosperous financial line turns into auspiciousness, indicating that the conditions for a cooperation agreement are mature.
The prosperous phase of the world reminds testers to pay attention to cultural differences and legal issues."	14.0	33.0	yi
146	是否能及时解决家庭财务压力？	Can family financial pressure be resolved in a timely manner?	乙未年丙午月庚辰日	"
财爻旺动，显示收入提升或债务减少的可能性较大。
世爻静而化进，提示测者需严格控制支出。"	反馈家庭财务逐步改善，负担显著减轻。?(六爻实战卦100例2)	Feedback is that family finances have gradually improved and the burden has been significantly reduced. ?(Example 2 of 100 Six Yao Practical Battle Hexagrams)	"The money line is prosperous, indicating that there is a greater possibility of income increase or debt reduction.
The world is quiet and evolving, suggesting that testers need to strictly control their expenditures."	25.0	45.0	geng
147	是否能顺利开展新产品试销？	Can the trial sales of new products be successfully carried out?	甲午年癸未月庚寅日	"
财爻旺动，显示试销市场反馈积极。
世爻化退，提示测者需关注产品定价及用户需求。"	反馈试销成功，市场接受度高，订单增加。?(六爻名家卦例大收集47)	Feedback is that the trial marketing was successful, market acceptance was high, and orders increased. ?(A large collection of six-line hexagrams from famous masters, 47)	"The financial line is booming, indicating positive feedback from the test market.
The world has faded away, reminding testers to pay attention to product pricing and user needs."	42.0	19.0	geng
148	是否能按时完成房屋修缮？	Will the home repairs be completed on time?	癸巳年乙未月庚辰日	"
父母爻旺动，显示施工条件良好。
世爻旺相，提示测者需督促施工队确保工期。"	反馈修缮如期完成，质量优良。?(六爻实战卦100例2)	Feedback: The repairs were completed on schedule and the quality is excellent. ?(Example 2 of 100 Six Yao Practical Battle Hexagrams)	"The parents' lines are vigorously moving, indicating that the construction conditions are good.
The prosperity of the world reminds testers to urge the construction team to ensure the construction schedule."	45.0	13.0	geng
149	是否能顺利处理商业纠纷？	Can business disputes be handled smoothly?	丙辰年壬午月庚寅日	"
官鬼爻旺动，显示纠纷有解决可能，但需时间协调。
世爻静而化吉，提示测者需尽量寻找调解方案。"	反馈纠纷最终和解，商业合作关系得以恢复。?(六爻实战卦100例2)	The feedback dispute was eventually settled and the business relationship was restored. ?(Example 2 of 100 Six Yao Practical Battle Hexagrams)	"The official and ghost lines are moving vigorously, indicating that disputes may be resolved, but it will take time for coordination.
The world is quiet and auspicious, suggesting that testers need to try their best to find mediation solutions."	31.0	50.0	geng
150	是否能顺利安排子女的课外活动？	Can you successfully arrange your children's extracurricular activities?	癸未年甲午月丁卯日	"
子孙爻旺动，显示课外活动安排丰富且适合孩子。
世爻静，提示测者需协调时间安排与孩子兴趣。"	反馈活动安排妥当，孩子表现积极。?(六爻名家卦例大收集47)	Feedback activities are well arranged and children behave positively. ?(A large collection of six-line hexagrams from famous masters, 47)	"Children and grandchildren are prosperous, indicating that extracurricular activities are abundant and suitable for children.
The world is quiet, suggesting that test takers need to coordinate their time arrangements with their children's interests."	42.0	31.0	ding
151	是否能如期获得政府补助？	Can I get government subsidies as scheduled?	癸巳年甲午月丁酉日	"
财爻旺动，显示补助申请材料齐全且条件符合。
世爻静而化进，提示测者需及时跟进审核进展。"	反馈补助款按期到账，为公司注入资金。?(六爻实战卦100例2)	Feedback subsidies arrive on schedule, injecting funds into the company. ?(Example 2 of 100 Six Yao Practical Battle Hexagrams)	"The money is booming, indicating that the subsidy application materials are complete and the conditions are met.
The world is quiet and evolving, reminding testers that they need to follow up on the progress of the review in a timely manner."	25.0	22.0	ding
152										
153										
154										
